标题,Url
"okk什么意思网络用语,女生说okk什么意思 - 慧格科技",https://www.huigetv.com/showinfo-34-128241-0.html
《最后的厂牌》黎朝个人单曲《OKK!起飞飞!》PV公开(超能CV:Dog...,https://www.bilibili.com/video/av590610646/
OKK是什么意思_OKK英文缩写_在线英文缩略词查询,https://suoxie.bi0.cn/OKK.html
"okk.战略咨询|专注新消费品,已帮助20家品牌开辟社交增长 |...",https://www.brandstar.com.cn/news/3044
深圳OKK科技有限公司,http://www.likuso.com/city328/510358.html
OKK电子烟怎么样?OKK电子烟使用测评感受_生活_敢闯网,https://www.darecy.com/life/1276.html
缝纫机OKK工业全新电脑平车家用电动全自动衣车缝纫机,http://www.zhe2.com/note/646157250494
Hong Kong OKK International Ltd,https://karenokk.diytrade.com/
OKK是什么意思_OKK在线翻译_英语_读音_用法_例句_海词词典,http://corp.dict.cn/OKK
女生回复okk什么意思,https://www.kxting.com/article/20221117/1129300.html
